國家,日期,總確診數,新增死亡數
台灣,2020-01-16,0,0
台灣,2020-01-17,0,0
台灣,2020-01-18,0,0
台灣,2020-01-19,0,0
台灣,2020-01-20,0,0
台灣,2020-01-21,0,0
台灣,2020-01-22,1,0
台灣,2020-01-23,1,0
台灣,2020-01-24,3,0
台灣,2020-01-25,3,0
台灣,2020-01-26,4,0
台灣,2020-01-27,5,0
台灣,2020-01-28,8,0
台灣,2020-01-29,8,0
台灣,2020-01-30,9,0
台灣,2020-01-31,10,0
台灣,2020-02-01,10,0
台灣,2020-02-02,10,0
台灣,2020-02-03,10,0
台灣,2020-02-04,11,0
台灣,2020-02-05,11,0
台灣,2020-02-06,16,0
台灣,2020-02-07,16,0
台灣,2020-02-08,17,0
台灣,2020-02-09,18,0
台灣,2020-02-10,18,0
台灣,2020-02-11,18,0
台灣,2020-02-12,18,0
台灣,2020-02-13,18,0
台灣,2020-02-14,18,0
台灣,2020-02-15,18,0
台灣,2020-02-16,20,1
台灣,2020-02-17,22,0
台灣,2020-02-18,22,0
台灣,2020-02-19,23,0
台灣,2020-02-20,24,0
台灣,2020-02-21,26,0
台灣,2020-02-22,26,0
台灣,2020-02-23,28,0
台灣,2020-02-24,30,0
台灣,2020-02-25,31,0
台灣,2020-02-26,32,0
台灣,2020-02-27,32,0
台灣,2020-02-28,34,0
台灣,2020-02-29,39,0
台灣,2020-03-01,40,0
台灣,2020-03-02,41,0
台灣,2020-03-03,42,0
台灣,2020-03-04,42,0
台灣,2020-03-05,44,0
台灣,2020-03-06,45,0
台灣,2020-03-07,45,0
台灣,2020-03-08,45,0
台灣,2020-03-09,45,0
台灣,2020-03-10,47,0
台灣,2020-03-11,48,0
台灣,2020-03-12,49,0
台灣,2020-03-13,50,0
台灣,2020-03-14,53,0
台灣,2020-03-15,59,0
台灣,2020-03-16,67,0
台灣,2020-03-17,77,0
台灣,2020-03-18,100,0
台灣,2020-03-19,108,0
台灣,2020-03-20,135,1
台灣,2020-03-21,153,0
台灣,2020-03-22,169,0
台灣,2020-03-23,195,0
台灣,2020-03-24,215,0
台灣,2020-03-25,235,0
台灣,2020-03-26,252,0
台灣,2020-03-27,267,0
台灣,2020-03-28,283,0
台灣,2020-03-29,298,0
台灣,2020-03-30,306,3
台灣,2020-03-31,322,0
台灣,2020-04-01,329,0
台灣,2020-04-02,339,0
台灣,2020-04-03,348,0
台灣,2020-04-04,355,0
台灣,2020-04-05,363,0
台灣,2020-04-06,373,0
台灣,2020-04-07,376,0
台灣,2020-04-08,379,0
台灣,2020-04-09,380,0
台灣,2020-04-10,382,1
台灣,2020-04-11,385,0
台灣,2020-04-12,388,0
台灣,2020-04-13,393,0
台灣,2020-04-14,393,0
台灣,2020-04-15,395,0
台灣,2020-04-16,395,0
台灣,2020-04-17,395,0
台灣,2020-04-18,398,0
台灣,2020-04-19,420,0
台灣,2020-04-20,422,0
台灣,2020-04-21,425,0
台灣,2020-04-22,426,0
台灣,2020-04-23,427,0
台灣,2020-04-24,428,0
台灣,2020-04-25,429,0
台灣,2020-04-26,429,0
台灣,2020-04-27,429,0
台灣,2020-04-28,429,0
台灣,2020-04-29,429,0
台灣,2020-04-30,429,0
台灣,2020-05-01,429,0
台灣,2020-05-02,432,0
台灣,2020-05-03,436,0
台灣,2020-05-04,438,0
台灣,2020-05-05,438,0
台灣,2020-05-06,439,0
台灣,2020-05-07,440,0
台灣,2020-05-08,440,0
台灣,2020-05-09,440,0
台灣,2020-05-10,440,0
台灣,2020-05-11,440,1
台灣,2020-05-12,440,0
台灣,2020-05-13,440,0
台灣,2020-05-14,440,0
台灣,2020-05-15,440,0
台灣,2020-05-16,440,0
台灣,2020-05-17,440,0
台灣,2020-05-18,440,0
台灣,2020-05-19,440,0
台灣,2020-05-20,440,0
台灣,2020-05-21,440,0
台灣,2020-05-22,441,0
台灣,2020-05-23,441,0
台灣,2020-05-24,441,0
台灣,2020-05-25,441,0
台灣,2020-05-26,441,0
台灣,2020-05-27,441,0
台灣,2020-05-28,441,0
台灣,2020-05-29,442,0
台灣,2020-05-30,442,0
台灣,2020-05-31,442,0
台灣,2020-06-01,443,0
台灣,2020-06-02,443,0
台灣,2020-06-03,443,0
台灣,2020-06-04,443,0
台灣,2020-06-05,443,0
台灣,2020-06-06,443,0
台灣,2020-06-07,443,0
台灣,2020-06-08,443,0
台灣,2020-06-09,443,0
台灣,2020-06-10,443,0
台灣,2020-06-11,443,0
台灣,2020-06-12,443,0
台灣,2020-06-13,443,0
台灣,2020-06-14,443,0
台灣,2020-06-15,445,0
台灣,2020-06-16,445,0
台灣,2020-06-17,445,0
台灣,2020-06-18,446,0
台灣,2020-06-19,446,0
台灣,2020-06-20,446,0
台灣,2020-06-21,446,0
台灣,2020-06-22,446,0
台灣,2020-06-23,446,0
台灣,2020-06-24,446,0
台灣,2020-06-25,447,0
台灣,2020-06-26,447,0
台灣,2020-06-27,447,0
台灣,2020-06-28,447,0
台灣,2020-06-29,447,0
台灣,2020-06-30,447,0
台灣,2020-07-01,447,0
台灣,2020-07-02,448,0
台灣,2020-07-03,449,0
台灣,2020-07-04,449,0
台灣,2020-07-05,449,0
台灣,2020-07-06,449,0
台灣,2020-07-07,449,0
台灣,2020-07-08,449,0
台灣,2020-07-09,449,0
台灣,2020-07-10,449,0
台灣,2020-07-11,451,0
台灣,2020-07-12,451,0
台灣,2020-07-13,451,0
台灣,2020-07-14,451,0
台灣,2020-07-15,451,0
台灣,2020-07-16,451,0
台灣,2020-07-17,451,0
台灣,2020-07-18,451,0
台灣,2020-07-19,451,0
台灣,2020-07-20,451,0
台灣,2020-07-21,451,0
台灣,2020-07-22,455,0
台灣,2020-07-23,455,0
台灣,2020-07-24,458,0
台灣,2020-07-25,458,0
台灣,2020-07-26,458,0
台灣,2020-07-27,462,0
台灣,2020-07-28,467,0
台灣,2020-07-29,467,0
台灣,2020-07-30,467,0
台灣,2020-07-31,467,0
台灣,2020-08-01,474,0
台灣,2020-08-02,475,0
台灣,2020-08-03,474,0
台灣,2020-08-04,476,0
台灣,2020-08-05,476,0
台灣,2020-08-06,477,0
台灣,2020-08-07,477,0
台灣,2020-08-08,479,0
台灣,2020-08-09,477,0
台灣,2020-08-10,477,0
台灣,2020-08-11,480,0
台灣,2020-08-12,481,0
台灣,2020-08-13,481,0
台灣,2020-08-14,481,0
台灣,2020-08-15,482,0
台灣,2020-08-16,484,0
台灣,2020-08-17,485,0
台灣,2020-08-18,486,0
台灣,2020-08-19,486,0
台灣,2020-08-20,486,0
台灣,2020-08-21,487,0
台灣,2020-08-22,487,0
台灣,2020-08-23,487,0
台灣,2020-08-24,487,0
台灣,2020-08-25,487,0
台灣,2020-08-26,487,0
台灣,2020-08-27,487,0
台灣,2020-08-28,487,0
台灣,2020-08-29,488,0
台灣,2020-08-30,488,0
台灣,2020-08-31,488,0
台灣,2020-09-01,488,0
台灣,2020-09-02,489,0
台灣,2020-09-03,489,0
台灣,2020-09-04,490,0
台灣,2020-09-05,492,0
台灣,2020-09-06,493,0
台灣,2020-09-07,494,0
台灣,2020-09-08,495,0
台灣,2020-09-09,495,0
台灣,2020-09-10,496,0
台灣,2020-09-11,498,0
台灣,2020-09-12,498,0
台灣,2020-09-13,498,0
台灣,2020-09-14,499,0
台灣,2020-09-15,499,0
台灣,2020-09-16,500,0
台灣,2020-09-17,503,0
台灣,2020-09-18,503,0
台灣,2020-09-19,506,0
台灣,2020-09-20,507,0
台灣,2020-09-21,509,0
台灣,2020-09-22,509,0
台灣,2020-09-23,509,0
台灣,2020-09-24,509,0
台灣,2020-09-25,510,0
台灣,2020-09-26,510,0
台灣,2020-09-27,510,0
台灣,2020-09-28,513,0
台灣,2020-09-29,513,0
台灣,2020-09-30,514,0
台灣,2020-10-01,515,0
台灣,2020-10-02,517,0
台灣,2020-10-03,517,0
台灣,2020-10-04,517,0
台灣,2020-10-05,518,0
台灣,2020-10-06,521,0
台灣,2020-10-07,523,0
台灣,2020-10-08,524,0
台灣,2020-10-09,527,0
台灣,2020-10-10,527,0
台灣,2020-10-11,527,0
台灣,2020-10-12,529,0
台灣,2020-10-13,530,0
台灣,2020-10-14,530,0
台灣,2020-10-15,531,0
台灣,2020-10-16,535,0
台灣,2020-10-17,535,0
台灣,2020-10-18,535,0
台灣,2020-10-19,540,0
台灣,2020-10-20,543,0
台灣,2020-10-21,544,0
台灣,2020-10-22,548,0
台灣,2020-10-23,548,0
台灣,2020-10-24,550,0
台灣,2020-10-25,550,0
台灣,2020-10-26,550,0
台灣,2020-10-27,550,0
台灣,2020-10-28,550,0
台灣,2020-10-29,553,0
台灣,2020-10-30,554,0
台灣,2020-10-31,555,0
台灣,2020-11-01,558,0
台灣,2020-11-02,563,0
台灣,2020-11-03,567,0
台灣,2020-11-04,568,0
台灣,2020-11-05,569,0
台灣,2020-11-06,573,0
台灣,2020-11-07,573,0
台灣,2020-11-08,577,0
台灣,2020-11-09,578,0
台灣,2020-11-10,580,0
台灣,2020-11-11,584,0
台灣,2020-11-12,589,0
台灣,2020-11-13,597,0
台灣,2020-11-14,600,0
台灣,2020-11-15,602,0
台灣,2020-11-16,603,0
台灣,2020-11-17,605,0
台灣,2020-11-18,607,0
台灣,2020-11-19,609,0
台灣,2020-11-20,611,0
台灣,2020-11-21,611,0
台灣,2020-11-22,617,0
台灣,2020-11-23,618,0
台灣,2020-11-24,618,0
台灣,2020-11-25,623,0
台灣,2020-11-26,625,0
台灣,2020-11-27,639,0
台灣,2020-11-28,648,0
台灣,2020-11-29,651,0
台灣,2020-11-30,675,0
台灣,2020-12-01,679,0
台灣,2020-12-02,685,0
台灣,2020-12-03,686,0
台灣,2020-12-04,690,0
台灣,2020-12-05,694,0
台灣,2020-12-06,716,0
台灣,2020-12-07,716,0
台灣,2020-12-08,718,0
台灣,2020-12-09,720,0
台灣,2020-12-10,724,0
台灣,2020-12-11,725,0
台灣,2020-12-12,733,0
台灣,2020-12-13,736,0
台灣,2020-12-14,740,0
台灣,2020-12-15,742,0
台灣,2020-12-16,749,0
台灣,2020-12-17,757,0
台灣,2020-12-18,759,0
台灣,2020-12-19,763,0
台灣,2020-12-20,766,0
台灣,2020-12-21,766,0
台灣,2020-12-22,770,0
台灣,2020-12-23,776,0
台灣,2020-12-24,776,0
台灣,2020-12-25,780,0
台灣,2020-12-26,783,0
台灣,2020-12-27,785,0
台灣,2020-12-28,793,0
台灣,2020-12-29,795,0
台灣,2020-12-30,797,0
台灣,2020-12-31,799,0
台灣,2021-01-01,802,0
台灣,2021-01-02,808,0
台灣,2021-01-03,812,0
台灣,2021-01-04,815,0
台灣,2021-01-05,817,0
台灣,2021-01-06,819,0
台灣,2021-01-07,822,0
台灣,2021-01-08,825,0
台灣,2021-01-09,828,0
台灣,2021-01-10,828,0
台灣,2021-01-11,834,0
台灣,2021-01-12,838,0
台灣,2021-01-13,842,0
台灣,2021-01-14,842,0
台灣,2021-01-15,843,0
台灣,2021-01-16,851,0
台灣,2021-01-17,855,0
台灣,2021-01-18,862,0
台灣,2021-01-19,868,0
台灣,2021-01-20,870,0
台灣,2021-01-21,881,0
台灣,2021-01-22,881,0
台灣,2021-01-23,884,0
台灣,2021-01-24,889,0
台灣,2021-01-25,889,0
台灣,2021-01-26,890,0
台灣,2021-01-27,893,0
台灣,2021-01-28,895,0
台灣,2021-01-29,899,0
台灣,2021-01-30,909,1
台灣,2021-01-31,911,0
台灣,2021-02-01,912,0
台灣,2021-02-02,915,0
台灣,2021-02-03,917,0
台灣,2021-02-04,919,1
台灣,2021-02-05,923,0
台灣,2021-02-06,924,0
台灣,2021-02-07,927,0
台灣,2021-02-08,928,0
台灣,2021-02-09,933,0
台灣,2021-02-10,935,0
台灣,2021-02-11,936,0
台灣,2021-02-12,937,0
台灣,2021-02-13,937,0
台灣,2021-02-14,937,0
台灣,2021-02-15,937,0
台灣,2021-02-16,937,0
台灣,2021-02-17,938,0
台灣,2021-02-18,940,0
台灣,2021-02-19,941,0
台灣,2021-02-20,942,0
台灣,2021-02-21,942,0
台灣,2021-02-22,942,0
台灣,2021-02-23,942,0
台灣,2021-02-24,946,0
台灣,2021-02-25,951,0
台灣,2021-02-26,951,0
台灣,2021-02-27,954,0
台灣,2021-02-28,955,0
台灣,2021-03-01,955,0
台灣,2021-03-02,955,0
台灣,2021-03-03,958,0
台灣,2021-03-04,960,0
台灣,2021-03-05,960,0
台灣,2021-03-06,967,1
台灣,2021-03-07,969,0
台灣,2021-03-08,976,0
台灣,2021-03-09,977,0
台灣,2021-03-10,978,0
台灣,2021-03-11,978,0
台灣,2021-03-12,984,0
台灣,2021-03-13,984,0
台灣,2021-03-14,985,0
台灣,2021-03-15,990,0
台灣,2021-03-16,990,0
台灣,2021-03-17,990,0
台灣,2021-03-18,998,0
台灣,2021-03-19,1004,0
台灣,2021-03-20,1005,0
台灣,2021-03-21,1006,0
台灣,2021-03-22,1006,0
台灣,2021-03-23,1007,0
台灣,2021-03-24,1009,0
台灣,2021-03-25,1012,0
台灣,2021-03-26,1013,0
台灣,2021-03-27,1020,0
台灣,2021-03-28,1022,0
台灣,2021-03-29,1023,0
台灣,2021-03-30,1024,0
台灣,2021-03-31,1030,0
台灣,2021-04-01,1036,0
台灣,2021-04-02,1039,0
台灣,2021-04-03,1045,0
台灣,2021-04-04,1047,0
台灣,2021-04-05,1048,0
台灣,2021-04-06,1050,0
台灣,2021-04-07,1050,0
台灣,2021-04-08,1050,0
台灣,2021-04-09,1054,0
台灣,2021-04-10,1056,0
台灣,2021-04-11,1057,1
台灣,2021-04-12,1058,0
台灣,2021-04-13,1062,0
台灣,2021-04-14,1067,0
台灣,2021-04-15,1068,0
台灣,2021-04-16,1070,0
台灣,2021-04-17,1072,0
台灣,2021-04-18,1073,0
台灣,2021-04-19,1076,0
台灣,2021-04-20,1078,0
台灣,2021-04-21,1082,0
台灣,2021-04-22,1086,0
台灣,2021-04-23,1090,0
台灣,2021-04-24,1097,1
台灣,2021-04-25,1100,0
台灣,2021-04-26,1104,0
台灣,2021-04-27,1110,0
台灣,2021-04-28,1116,0
台灣,2021-04-29,1121,0
台灣,2021-04-30,1128,0
台灣,2021-05-01,1132,0
台灣,2021-05-02,1137,0
台灣,2021-05-03,1145,0
台灣,2021-05-04,1153,0
台灣,2021-05-05,1160,0
台灣,2021-05-06,1173,0
台灣,2021-05-07,1178,0
台灣,2021-05-08,1183,0
台灣,2021-05-09,1184,0
台灣,2021-05-10,1199,0
台灣,2021-05-11,1210,0
台灣,2021-05-12,1231,0
台灣,2021-05-13,1256,0
台灣,2021-05-14,1290,0
台灣,2021-05-15,1475,0
台灣,2021-05-16,1682,0
台灣,2021-05-17,2017,0
台灣,2021-05-18,2260,2
台灣,2021-05-19,2533,0
台灣,2021-05-20,2825,1
台灣,2021-05-21,3139,0
台灣,2021-05-22,3862,2
台灣,2021-05-23,4322,6
台灣,2021-05-24,4917,6
台灣,2021-05-25,5456,6
台灣,2021-05-26,6091,11
台灣,2021-05-27,6761,13
台灣,2021-05-28,7315,19
台灣,2021-05-29,7806,21
台灣,2021-05-30,8160,10
台灣,2021-05-31,8511,15
台灣,2021-06-01,8842,13
台灣,2021-06-02,9389,12
台灣,2021-06-03,9974,17
台灣,2021-06-04,10446,21
台灣,2021-06-05,10956,37
台灣,2021-06-06,11298,36
台灣,2021-06-07,11491,26
台灣,2021-06-08,11694,22
台灣,2021-06-09,11968,25
台灣,2021-06-10,12222,28
台灣,2021-06-11,12500,24
台灣,2021-06-12,12746,26
台灣,2021-06-13,12921,26
台灣,2021-06-14,13106,15
台灣,2021-06-15,13241,8
台灣,2021-06-16,13409,18
台灣,2021-06-17,13584,19
台灣,2021-06-18,13771,21
台灣,2021-06-19,13896,20
台灣,2021-06-20,14005,11
台灣,2021-06-21,14080,20
台灣,2021-06-22,14157,6
台灣,2021-06-23,14260,24
台灣,2021-06-24,14389,6
台灣,2021-06-25,14465,5
台灣,2021-06-26,14545,13
台灣,2021-06-27,14634,9
台灣,2021-06-28,14694,3
台灣,2021-06-29,14748,8
台灣,2021-06-30,14804,5
台灣,2021-07-01,14853,13
台灣,2021-07-02,14911,15
台灣,2021-07-03,14991,10
台灣,2021-07-04,15030,2
台灣,2021-07-05,15061,1
台灣,2021-07-06,15088,17
台灣,2021-07-07,15128,9
台灣,2021-07-08,15149,3
台灣,2021-07-09,15185,12
台灣,2021-07-10,15218,6
台灣,2021-07-11,15249,4
台灣,2021-07-12,15273,1
台灣,2021-07-13,15302,6
台灣,2021-07-14,15328,6
台灣,2021-07-15,15346,6
台灣,2021-07-16,15378,4
台灣,2021-07-17,15390,1
台灣,2021-07-18,15408,4
台灣,2021-07-19,15429,1
台灣,2021-07-20,15453,4
台灣,2021-07-21,15478,5
台灣,2021-07-22,15511,4
台灣,2021-07-23,15535,2
台灣,2021-07-24,15558,2
台灣,2021-07-25,15571,0
台灣,2021-07-26,15582,0
台灣,2021-07-27,15599,1
台灣,2021-07-28,15619,0
台灣,2021-07-29,15637,0
台灣,2021-07-30,15662,0
台灣,2021-07-31,15674,0
台灣,2021-08-01,15688,2
台灣,2021-08-02,15702,0
台灣,2021-08-03,15721,2
台灣,2021-08-04,15742,0
台灣,2021-08-05,15753,0
台灣,2021-08-06,15765,3
台灣,2021-08-07,15775,12
台灣,2021-08-08,15782,3
台灣,2021-08-09,15790,4
台灣,2021-08-10,15798,1
台灣,2021-08-11,15814,2
台灣,2021-08-12,15820,1
台灣,2021-08-13,15836,2
台灣,2021-08-14,15843,2
台灣,2021-08-15,15852,0
台灣,2021-08-16,15862,0
台灣,2021-08-17,15880,0
台灣,2021-08-18,15891,0
台灣,2021-08-19,15897,5
台灣,2021-08-20,15906,1
台灣,2021-08-21,15916,1
台灣,2021-08-22,15926,0
台灣,2021-08-23,15932,0
台灣,2021-08-24,15938,1
台灣,2021-08-25,15939,1
台灣,2021-08-26,15947,2
台灣,2021-08-27,15954,1
台灣,2021-08-28,15960,0
台灣,2021-08-29,15983,1
台灣,2021-08-30,15991,0
台灣,2021-08-31,15995,1
台灣,2021-09-01,16001,1
台灣,2021-09-02,16006,1
台灣,2021-09-03,16012,0
台灣,2021-09-04,16013,0
台灣,2021-09-05,16019,0
台灣,2021-09-06,16035,0
台灣,2021-09-07,16047,0
台灣,2021-09-08,16056,0
台灣,2021-09-09,16062,1
台灣,2021-09-10,16069,1
台灣,2021-09-11,16074,0
台灣,2021-09-12,16088,0
台灣,2021-09-13,16093,0
台灣,2021-09-14,16098,0
台灣,2021-09-15,16103,0
台灣,2021-09-16,16115,0
台灣,2021-09-17,16123,0
台灣,2021-09-18,16129,0
台灣,2021-09-19,16141,1
台灣,2021-09-20,16147,0
台灣,2021-09-21,16152,0
台灣,2021-09-22,16159,1
台灣,2021-09-23,16168,0
台灣,2021-09-24,16176,0
台灣,2021-09-25,16181,0
台灣,2021-09-26,16189,0
台灣,2021-09-27,16198,1
台灣,2021-09-28,16205,0
台灣,2021-09-29,16216,0
台灣,2021-09-30,16223,0
台灣,2021-10-01,16234,1
台灣,2021-10-02,16244,0
台灣,2021-10-03,16250,0
台灣,2021-10-04,16255,1
台灣,2021-10-05,16262,0
台灣,2021-10-06,16267,0
台灣,2021-10-07,16271,0
台灣,2021-10-08,16283,1
台灣,2021-10-09,16287,1
台灣,2021-10-10,16294,0
台灣,2021-10-11,16305,0
台灣,2021-10-12,16309,0
台灣,2021-10-13,16313,0
台灣,2021-10-14,16321,0
台灣,2021-10-15,16325,0
台灣,2021-10-16,16336,0
台灣,2021-10-17,16337,0
台灣,2021-10-18,16337,0
台灣,2021-10-19,16343,0
台灣,2021-10-20,16347,0
台灣,2021-10-21,16349,0
台灣,2021-10-22,16357,0
台灣,2021-10-23,16364,0
台灣,2021-10-24,16368,0
台灣,2021-10-25,16376,1
台灣,2021-10-26,16380,0
台灣,2021-10-27,16388,0
台灣,2021-10-28,16394,0
台灣,2021-10-29,16399,0
台灣,2021-10-30,16406,0
台灣,2021-10-31,16412,0
台灣,2021-11-01,16417,0
台灣,2021-11-02,16421,0
台灣,2021-11-03,16428,0
台灣,2021-11-04,16430,0
台灣,2021-11-05,16437,0
台灣,2021-11-06,16438,0
台灣,2021-11-07,16442,0
台灣,2021-11-08,16445,0
台灣,2021-11-09,16451,1
台灣,2021-11-10,16456,0
台灣,2021-11-11,16465,0
台灣,2021-11-12,16475,0
台灣,2021-11-13,16479,0
台灣,2021-11-14,16487,0
台灣,2021-11-15,16496,0
台灣,2021-11-16,16498,0
台灣,2021-11-17,16503,0
台灣,2021-11-18,16506,0
台灣,2021-11-19,16516,0
台灣,2021-11-20,16520,0
台灣,2021-11-21,16529,0
台灣,2021-11-22,16532,0
台灣,2021-11-23,16539,0
台灣,2021-11-24,16544,0
台灣,2021-11-25,16554,0
台灣,2021-11-26,16566,0
台灣,2021-11-27,16578,0
台灣,2021-11-28,16588,0
台灣,2021-11-29,16596,0
台灣,2021-11-30,16601,0
台灣,2021-12-01,16609,0
台灣,2021-12-02,16626,0
台灣,2021-12-03,16637,0
台灣,2021-12-04,16648,0
台灣,2021-12-05,16652,0
台灣,2021-12-06,16662,0
台灣,2021-12-07,16683,0
台灣,2021-12-08,16688,0
台灣,2021-12-09,16704,0
台灣,2021-12-10,16721,0
台灣,2021-12-11,16731,0
台灣,2021-12-12,16737,0
台灣,2021-12-13,16742,0
台灣,2021-12-14,16752,0
台灣,2021-12-15,16759,1
台灣,2021-12-16,16771,0
台灣,2021-12-17,16786,0
台灣,2021-12-18,16799,0
台灣,2021-12-19,16805,1
台灣,2021-12-20,16816,0
台灣,2021-12-21,16826,0
台灣,2021-12-22,16840,0
台灣,2021-12-23,16853,0
台灣,2021-12-24,16873,0
台灣,2021-12-25,16891,0
台灣,2021-12-26,16915,0
台灣,2021-12-27,16931,0
台灣,2021-12-28,16950,0
台灣,2021-12-29,16964,0
台灣,2021-12-30,16988,0
台灣,2021-12-31,17029,0
台灣,2022-01-01,17050,0
台灣,2022-01-02,17070,0
台灣,2022-01-03,17095,0
台灣,2022-01-04,17129,0
台灣,2022-01-05,17155,0
台灣,2022-01-06,17198,0
台灣,2022-01-07,17258,0
台灣,2022-01-08,17302,0
台灣,2022-01-09,17362,0
台灣,2022-01-10,17394,0
台灣,2022-01-11,17463,0
台灣,2022-01-12,17559,0
台灣,2022-01-13,17624,1
台灣,2022-01-14,17692,0
台灣,2022-01-15,17769,0
台灣,2022-01-16,17820,0
台灣,2022-01-17,17885,0
台灣,2022-01-18,17951,0
台灣,2022-01-19,18005,0
台灣,2022-01-20,18041,0
台灣,2022-01-21,18109,0
台灣,2022-01-22,18238,0
台灣,2022-01-23,18325,0
台灣,2022-01-24,18376,0
台灣,2022-01-25,18411,0
台灣,2022-01-26,18503,0
台灣,2022-01-27,18566,0
台灣,2022-01-28,18634,0
台灣,2022-01-29,18681,0
台灣,2022-01-30,18735,0
台灣,2022-01-31,18790,0
台灣,2022-02-01,18850,0
台灣,2022-02-02,18903,0
台灣,2022-02-03,18958,0
台灣,2022-02-04,19029,0
台灣,2022-02-05,19101,0
台灣,2022-02-06,19144,0
台灣,2022-02-07,19192,0
台灣,2022-02-08,19239,0
台灣,2022-02-09,19293,0
台灣,2022-02-10,19376,0
台灣,2022-02-11,19455,0
台灣,2022-02-12,19515,0
台灣,2022-02-13,19567,0
台灣,2022-02-14,19621,0
台灣,2022-02-15,19666,1
台灣,2022-02-16,19732,0
台灣,2022-02-17,19797,0
台灣,2022-02-18,19864,0
台灣,2022-02-19,19937,0
台灣,2022-02-20,20007,0
台灣,2022-02-21,20056,0
台灣,2022-02-22,20100,0
台灣,2022-02-23,20156,0
台灣,2022-02-24,20236,0
台灣,2022-02-25,20304,1
台灣,2022-02-26,20373,0
台灣,2022-02-27,20433,0
台灣,2022-02-28,20489,0
台灣,2022-03-01,20533,0
台灣,2022-03-02,20582,0
台灣,2022-03-03,20653,0
台灣,2022-03-04,20717,0
台灣,2022-03-05,20797,0
台灣,2022-03-06,20840,0
台灣,2022-03-07,20869,0
台灣,2022-03-08,20922,0
台灣,2022-03-09,20999,0
台灣,2022-03-10,21081,0
台灣,2022-03-11,21163,0
台灣,2022-03-12,21225,0
台灣,2022-03-13,21288,0
台灣,2022-03-14,21363,0
台灣,2022-03-15,21402,0
台灣,2022-03-16,21492,0
台灣,2022-03-17,21583,0
台灣,2022-03-18,21658,0
台灣,2022-03-19,21784,0
台灣,2022-03-20,21905,0
台灣,2022-03-21,22003,0
台灣,2022-03-22,22091,0
台灣,2022-03-23,22188,0
台灣,2022-03-24,22327,0
台灣,2022-03-25,22463,0
台灣,2022-03-26,22566,0
台灣,2022-03-27,22769,0
台灣,2022-03-28,22896,0
台灣,2022-03-29,22992,0
台灣,2022-03-30,23155,0
台灣,2022-03-31,23394,0
台灣,2022-04-01,23629,0
台灣,2022-04-02,24033,0
台灣,2022-04-03,24313,0
台灣,2022-04-04,24588,0
台灣,2022-04-05,24866,0
台灣,2022-04-06,25225,0
台灣,2022-04-07,25756,0
台灣,2022-04-08,26263,0
台灣,2022-04-09,26836,1
台灣,2022-04-10,27410,0
台灣,2022-04-11,28040,0
台灣,2022-04-12,28666,0
台灣,2022-04-13,29593,0
台灣,2022-04-14,30574,0
台灣,2022-04-15,31857,0
台灣,2022-04-16,33205,0
台灣,2022-04-17,34507,0
台灣,2022-04-18,35983,0
台灣,2022-04-19,37710,0
台灣,2022-04-20,40186,2
台灣,2022-04-21,43243,0
台灣,2022-04-22,47100,0
台灣,2022-04-23,51298,0
台灣,2022-04-24,56468,0
台灣,2022-04-25,61686,0
台灣,2022-04-26,68022,0
台灣,2022-04-27,76938,2
台灣,2022-04-28,88446,2
台灣,2022-04-29,100753,2
台灣,2022-04-30,115883,3
台灣,2022-05-01,132955,3
台灣,2022-05-02,132955,0
台灣,2022-05-03,173942,8
台灣,2022-05-04,202418,5
台灣,2022-05-05,232402,5
台灣,2022-05-06,268569,10
台灣,2022-05-07,268569,0
台灣,2022-05-08,268569,0
台灣,2022-05-09,397504,35
台灣,2022-05-10,448323,12
台灣,2022-05-11,505455,8
台灣,2022-05-12,570870,17
台灣,2022-05-13,570870,0
台灣,2022-05-14,699824,81
台灣,2022-05-15,768543,19
台灣,2022-05-16,830257,29
台灣,2022-05-17,896059,38
台灣,2022-05-18,981141,41
台灣,2022-05-19,1070561,59
台灣,2022-05-20,1156291,49
台灣,2022-05-21,1240897,59
台灣,2022-05-22,1320371,53
台灣,2022-05-23,1386640,40
台灣,2022-05-24,1469019,42
台灣,2022-05-25,1558380,76
台灣,2022-05-26,1640271,104
台灣,2022-05-27,1735067,126
台灣,2022-05-28,1815703,163
台灣,2022-05-29,1892272,109
台灣,2022-05-30,1952355,109
台灣,2022-05-31,2032983,90
台灣,2022-06-01,2121231,122
台灣,2022-06-02,2198161,144
台灣,2022-06-03,2274666,142
台灣,2022-06-04,2342794,0
台灣,2022-06-05,2404871,276
台灣,2022-06-06,2457881,151
台灣,2022-06-07,2540871,124
台灣,2022-06-08,2620941,159
台灣,2022-06-09,2693787,211
台灣,2022-06-10,2762080,213
台灣,2022-06-11,2841696,211
台灣,2022-06-12,2892263,163
台灣,2022-06-13,2937363,109
台灣,2022-06-14,3003501,123
台灣,2022-06-15,3072432,143
台灣,2022-06-16,3135565,168
台灣,2022-06-17,3190787,154
台灣,2022-06-18,3244453,181
台灣,2022-06-19,3295076,172
台灣,2022-06-20,3330695,144
台灣,2022-06-21,3387061,115
台灣,2022-06-22,3439279,171
台灣,2022-06-23,3487599,166
台灣,2022-06-24,3533335,152
台灣,2022-06-25,3573703,151
台灣,2022-06-26,3613345,134
台灣,2022-06-27,3641921,91
台灣,2022-06-28,3686338,103
台灣,2022-06-29,3728363,85
台灣,2022-06-30,3767283,118
台灣,2022-07-01,3803049,121
台灣,2022-07-02,3837856,96
台灣,2022-07-03,3870528,88
台灣,2022-07-04,3893643,69
台灣,2022-07-05,3929627,103
台灣,2022-07-06,3964188,95
